[
    {
      "sensor": "CALC000004",
      "codiACA": 800070,
      "description": "Volum embassat",
      "location": "41.255617318 1.651034658",
      "unit": "hm³",
      "component": "080581-002",
      "componentDesc": "Foix",
      "componentAdditionalInfo__Comarca": "ALT PENEDÈS",
      "componentAdditionalInfo__Província": "BARCELONA",
      "componentAdditionalInfo__Riu": "RIU FOIX",
      "componentAdditionalInfo__Terme municipal": "CASTELLET I LA GORNAL",
      "componentAdditionalInfo__Capacitat màxima embassament": "3,74 hm³",
      "componentAdditionalInfo__Conca": "EL FOIX",
      "componentAdditionalInfo__Superfície conca drenada": "293,32 km²",
      "componentAdditionalInfo__Titular": "AGÈNCIA CATALANA DE L'AIGUA"
    },
    {
      "sensor": "CALC000005",
      "codiACA": 2200015,
      "description": "Volum embassat",
      "location": "42.340588782 2.833225165",
      "unit": "hm³",
      "component": "170600-001",
      "componentDesc": "Boadella",
      "componentAdditionalInfo__Comarca": "ALT EMPORDÀ",
      "componentAdditionalInfo__Província": "GIRONA",
      "componentAdditionalInfo__Riu": "RIU MUGA",
      "componentAdditionalInfo__Terme municipal": "DARNIUS",
      "componentAdditionalInfo__Capacitat màxima embassament": "61,10 hm³",
      "componentAdditionalInfo__Conca": "LA MUGA",
      "componentAdditionalInfo__Superfície conca drenada": "181,20 km²",
      "componentAdditionalInfo__Titular": "AGÈNCIA CATALANA DE L'AIGUA"
    },
    {
      "sensor": "CALC000041",
      "codiACA": 800070,
      "description": "Percentatge volum embassat",
      "location": "41.255617318 1.651034658",
      "unit": "%",
      "component": "080581-002",
      "componentDesc": "Foix",
      "componentAdditionalInfo__Comarca": "ALT PENEDÈS",
      "componentAdditionalInfo__Província": "BARCELONA",
      "componentAdditionalInfo__Riu": "RIU FOIX",
      "componentAdditionalInfo__Terme municipal": "CASTELLET I LA GORNAL",
      "componentAdditionalInfo__Capacitat màxima embassament": "3,74 hm³",
      "componentAdditionalInfo__Conca": "EL FOIX",
      "componentAdditionalInfo__Superfície conca drenada": "293,32 km²",
      "componentAdditionalInfo__Titular": "AGÈNCIA CATALANA DE L'AIGUA"
    },
    {
      "sensor": "CALC000046",
      "codiACA": 2200015,
      "description": "Percentatge volum embassat",
      "location": "42.340588782 2.833225165",
      "unit": "%",
      "component": "170600-001",
      "componentDesc": "Boadella",
      "componentAdditionalInfo__Comarca": "ALT EMPORDÀ",
      "componentAdditionalInfo__Província": "GIRONA",
      "componentAdditionalInfo__Riu": "RIU MUGA",
      "componentAdditionalInfo__Terme municipal": "DARNIUS",
      "componentAdditionalInfo__Capacitat màxima embassament": "61,10 hm³",
      "componentAdditionalInfo__Conca": "LA MUGA",
      "componentAdditionalInfo__Superfície conca drenada": "181,20 km²",
      "componentAdditionalInfo__Titular": "AGÈNCIA CATALANA DE L'AIGUA"
    },
    {
      "sensor": "CALC000092",
      "codiACA": 600060,
      "description": "Volum embassat",
      "location": "41.195224935 1.327889195",
      "unit": "hm³",
      "component": "430430-001",
      "componentDesc": "Gaià",
      "componentAdditionalInfo__Comarca": "TARRAGONÈS",
      "componentAdditionalInfo__Província": "TARRAGONA",
      "componentAdditionalInfo__Riu": "RIU GAIÀ",
      "componentAdditionalInfo__Terme municipal": "CATLLAR, EL",
      "componentAdditionalInfo__Capacitat màxima embassament": "59,40 hm³",
      "componentAdditionalInfo__Conca": "EL GAIÀ",
      "componentAdditionalInfo__Superfície conca drenada": "358,45 km²",
      "componentAdditionalInfo__Titular": "REPSOL PETRÓLEO, SA"
    },
    {
      "sensor": "CALC000103",
      "codiACA": 600060,
      "description": "Percentatge volum embassat",
      "location": "41.195224935 1.327889195",
      "unit": "%",
      "component": "430430-001",
      "componentDesc": "Gaià",
      "componentAdditionalInfo__Comarca": "TARRAGONÈS",
      "componentAdditionalInfo__Província": "TARRAGONA",
      "componentAdditionalInfo__Riu": "RIU GAIÀ",
      "componentAdditionalInfo__Terme municipal": "CATLLAR, EL",
      "componentAdditionalInfo__Capacitat màxima embassament": "59,40 hm³",
      "componentAdditionalInfo__Conca": "EL GAIÀ",
      "componentAdditionalInfo__Superfície conca drenada": "358,45 km²",
      "componentAdditionalInfo__Titular": "REPSOL PETRÓLEO, SA"
    },
    {
      "sensor": "CALC000108",
      "codiACA": 200020,
      "description": "Volum embassat",
      "location": "41.134931354 0.960270444",
      "unit": "hm³",
      "component": "430537-001",
      "componentDesc": "Riudecanyes",
      "componentAdditionalInfo__Comarca": "BAIX CAMP",
      "componentAdditionalInfo__Província": "TARRAGONA",
      "componentAdditionalInfo__Riu": "RIERA DE RIUDECANYES",
      "componentAdditionalInfo__Terme municipal": "RIUDECANYES",
      "componentAdditionalInfo__Capacitat màxima embassament": "5,32 hm³",
      "componentAdditionalInfo__Conca": "RIERA DE RIUDECANYES",
      "componentAdditionalInfo__Superfície conca drenada": "31,00 km²",
      "componentAdditionalInfo__Titular": "COMUNITAT DE REGANTS DEL PANTÀ DE RIUDECANYES"
    },
    {
      "sensor": "CALC000120",
      "codiACA": 200020,
      "description": "Percentatge volum embassat",
      "location": "41.134931354 0.960270444",
      "unit": "%",
      "component": "430537-001",
      "componentDesc": "Riudecanyes",
      "componentAdditionalInfo__Comarca": "BAIX CAMP",
      "componentAdditionalInfo__Província": "TARRAGONA",
      "componentAdditionalInfo__Riu": "RIERA DE RIUDECANYES",
      "componentAdditionalInfo__Terme municipal": "RIUDECANYES",
      "componentAdditionalInfo__Capacitat màxima embassament": "5,32 hm³",
      "componentAdditionalInfo__Conca": "RIERA DE RIUDECANYES",
      "componentAdditionalInfo__Superfície conca drenada": "31,00 km²",
      "componentAdditionalInfo__Titular": "COMUNITAT DE REGANTS DEL PANTÀ DE RIUDECANYES"
    },
    {
      "sensor": "CALC000123",
      "codiACA": "E1170",
      "description": "Volum embassat",
      "location": "41.249642381 0.913800784",
      "unit": "hm³",
      "component": "430496-001",
      "componentDesc": "Siurana",
      "componentAdditionalInfo__Comarca": "PRIORAT",
      "componentAdditionalInfo__Província": "TARRAGONA",
      "componentAdditionalInfo__Riu": "E. SIURANA",
      "componentAdditionalInfo__Terme municipal": "CORNUDELLA DE MONTSANT",
      "componentAdditionalInfo__Capacitat màxima embassament": "12,22 hm³",
      "componentAdditionalInfo__Conca": "L'EBRE",
      "componentAdditionalInfo__Superfície conca drenada": "60,40 km²",
      "componentAdditionalInfo__Titular": "AGÈNCIA CATALANA DE L'AIGUA"
    },
    {
      "sensor": "CALC000125",
      "codiACA": "E1170",
      "description": "Percentatge volum embassat",
      "location": "41.249642381 0.913800784",
      "unit": "%",
      "component": "430496-001",
      "componentDesc": "Siurana",
      "componentAdditionalInfo__Comarca": "PRIORAT",
      "componentAdditionalInfo__Província": "TARRAGONA",
      "componentAdditionalInfo__Riu": "E. SIURANA",
      "componentAdditionalInfo__Terme municipal": "CORNUDELLA DE MONTSANT",
      "componentAdditionalInfo__Capacitat màxima embassament": "12,22 hm³",
      "componentAdditionalInfo__Conca": "L'EBRE",
      "componentAdditionalInfo__Superfície conca drenada": "60,40 km²",
      "componentAdditionalInfo__Titular": "AGÈNCIA CATALANA DE L'AIGUA"
    },
    {
      "sensor": "CALC000126",
      "codiACA": 2000227,
      "description": "Volum embassat",
      "location": "41.984436008 2.601414188",
      "unit": "hm³",
      "component": "171899-003",
      "componentDesc": "El Pasteral",
      "componentAdditionalInfo__Comarca": "SELVA",
      "componentAdditionalInfo__Província": "GIRONA",
      "componentAdditionalInfo__Riu": "RIU TER",
      "componentAdditionalInfo__Terme municipal": "CELLERA DE TER, LA",
      "componentAdditionalInfo__Capacitat màxima embassament": "1,30 hm³",
      "componentAdditionalInfo__Conca": "EL TER",
      "componentAdditionalInfo__Superfície conca drenada": "1799,00 km²",
      "componentAdditionalInfo__Titular": "ENDESA GENERACION, SA"
    },
    {
      "sensor": "CALC000143",
      "codiACA": 2000227,
      "description": "Percentatge volum embassat",
      "location": "41.984436008 2.601414188",
      "unit": "%",
      "component": "171899-003",
      "componentDesc": "El Pasteral",
      "componentAdditionalInfo__Comarca": "SELVA",
      "componentAdditionalInfo__Província": "GIRONA",
      "componentAdditionalInfo__Riu": "RIU TER",
      "componentAdditionalInfo__Terme municipal": "CELLERA DE TER, LA",
      "componentAdditionalInfo__Capacitat màxima embassament": "1,30 hm³",
      "componentAdditionalInfo__Conca": "EL TER",
      "componentAdditionalInfo__Superfície conca drenada": "1799,00 km²",
      "componentAdditionalInfo__Titular": "ENDESA GENERACION, SA"
    },
    {
      "sensor": "CALC000145",
      "codiACA": 2000220,
      "description": "Volum embassat",
      "location": "41.968624956 2.413554059",
      "unit": "hm³",
      "component": "083036-001",
      "componentDesc": "Sau",
      "componentAdditionalInfo__Comarca": "OSONA",
      "componentAdditionalInfo__Província": "BARCELONA",
      "componentAdditionalInfo__Riu": "RIU TER",
      "componentAdditionalInfo__Terme municipal": "VILANOVA DE SAU",
      "componentAdditionalInfo__Capacitat màxima embassament": "165,26 hm³",
      "componentAdditionalInfo__Conca": "EL TER",
      "componentAdditionalInfo__Superfície conca drenada": "1564,00 km²",
      "componentAdditionalInfo__Titular": "AGÈNCIA CATALANA DE L'AIGUA"
    },
    {
      "sensor": "CALC000152",
      "codiACA": 2000220,
      "description": "Percentatge volum embassat",
      "location": "41.968624956 2.413554059",
      "unit": "%",
      "component": "083036-001",
      "componentDesc": "Sau",
      "componentAdditionalInfo__Comarca": "OSONA",
      "componentAdditionalInfo__Província": "BARCELONA",
      "componentAdditionalInfo__Riu": "RIU TER",
      "componentAdditionalInfo__Terme municipal": "VILANOVA DE SAU",
      "componentAdditionalInfo__Capacitat màxima embassament": "165,26 hm³",
      "componentAdditionalInfo__Conca": "EL TER",
      "componentAdditionalInfo__Superfície conca drenada": "1564,00 km²",
      "componentAdditionalInfo__Titular": "AGÈNCIA CATALANA DE L'AIGUA"
    },
    {
      "sensor": "CALC000713",
      "codiACA": 1000070,
      "description": "Percentatge volum embassat",
      "location": "42.122014524 1.878559556",
      "unit": "%",
      "component": "082687-001",
      "componentDesc": "La Baells",
      "componentAdditionalInfo__Comarca": "BERGUEDÀ",
      "componentAdditionalInfo__Província": "BARCELONA",
      "componentAdditionalInfo__Riu": "RIU LLOBREGAT",
      "componentAdditionalInfo__Terme municipal": "CERCS",
      "componentAdditionalInfo__Capacitat màxima embassament": "109,43 hm³",
      "componentAdditionalInfo__Conca": "EL LLOBREGAT",
      "componentAdditionalInfo__Superfície conca drenada": "503,35 km²",
      "componentAdditionalInfo__Titular": "AGÈNCIA CATALANA DE L'AIGUA"
    },
    {
      "sensor": "CALC000722",
      "codiACA": 1000480,
      "description": "Percentatge volum embassat",
      "location": "42.099784969 1.58285827",
      "unit": "%",
      "component": "081419-003",
      "componentDesc": "La Llosa del Cavall",
      "componentAdditionalInfo__Comarca": "SOLSONÈS",
      "componentAdditionalInfo__Província": "LLEIDA",
      "componentAdditionalInfo__Riu": "RIU CARDENER",
      "componentAdditionalInfo__Terme municipal": "NAVÈS",
      "componentAdditionalInfo__Capacitat màxima embassament": "80,00 hm³",
      "componentAdditionalInfo__Conca": "EL LLOBREGAT",
      "componentAdditionalInfo__Superfície conca drenada": "197,00 km²",
      "componentAdditionalInfo__Titular": "AGÈNCIA CATALANA DE L'AIGUA"
    },
    {
      "sensor": "CALC000735",
      "codiACA": 1000510,
      "description": "Percentatge volum embassat",
      "location": "41.962942293 1.605613258",
      "unit": "%",
      "component": "250753-004",
      "componentDesc": "Sant Ponç",
      "componentAdditionalInfo__Comarca": "SOLSONÈS",
      "componentAdditionalInfo__Província": "LLEIDA",
      "componentAdditionalInfo__Riu": "RIU CARDENER",
      "componentAdditionalInfo__Terme municipal": "CLARIANA DE CARDENER",
      "componentAdditionalInfo__Capacitat màxima embassament": "24,38 hm³",
      "componentAdditionalInfo__Conca": "EL LLOBREGAT",
      "componentAdditionalInfo__Superfície conca drenada": "304,99 km²",
      "componentAdditionalInfo__Titular": "AGÈNCIA CATALANA DE L'AIGUA"
    },
    {
      "sensor": "CALC000698",
      "codiACA": 1000480,
      "description": "Volum embassat",
      "location": "42.099784969 1.58285827",
      "unit": "hm³",
      "component": "081419-003",
      "componentDesc": "La Llosa del Cavall",
      "componentAdditionalInfo__Comarca": "SOLSONÈS",
      "componentAdditionalInfo__Província": "LLEIDA",
      "componentAdditionalInfo__Riu": "RIU CARDENER",
      "componentAdditionalInfo__Terme municipal": "NAVÈS",
      "componentAdditionalInfo__Capacitat màxima embassament": "80,00 hm³",
      "componentAdditionalInfo__Conca": "EL LLOBREGAT",
      "componentAdditionalInfo__Superfície conca drenada": "197,00 km²",
      "componentAdditionalInfo__Titular": "AGÈNCIA CATALANA DE L'AIGUA"
    },
    {
      "sensor": "CALC000697",
      "codiACA": 1000070,
      "description": "Volum embassat",
      "location": "42.122014524 1.878559556",
      "unit": "hm³",
      "component": "082687-001",
      "componentDesc": "La Baells",
      "componentAdditionalInfo__Comarca": "BERGUEDÀ",
      "componentAdditionalInfo__Província": "BARCELONA",
      "componentAdditionalInfo__Riu": "RIU LLOBREGAT",
      "componentAdditionalInfo__Terme municipal": "CERCS",
      "componentAdditionalInfo__Capacitat màxima embassament": "109,43 hm³",
      "componentAdditionalInfo__Conca": "EL LLOBREGAT",
      "componentAdditionalInfo__Superfície conca drenada": "503,35 km²",
      "componentAdditionalInfo__Titular": "AGÈNCIA CATALANA DE L'AIGUA"
    },
    {
      "sensor": "CALC000699",
      "codiACA": 1000510,
      "description": "Volum embassat",
      "location": "41.962942293 1.605613258",
      "unit": "hm³",
      "component": "250753-004",
      "componentDesc": "Sant Ponç",
      "componentAdditionalInfo__Comarca": "SOLSONÈS",
      "componentAdditionalInfo__Província": "LLEIDA",
      "componentAdditionalInfo__Riu": "RIU CARDENER",
      "componentAdditionalInfo__Terme municipal": "CLARIANA DE CARDENER",
      "componentAdditionalInfo__Capacitat màxima embassament": "24,38 hm³",
      "componentAdditionalInfo__Conca": "EL LLOBREGAT",
      "componentAdditionalInfo__Superfície conca drenada": "304,99 km²",
      "componentAdditionalInfo__Titular": "AGÈNCIA CATALANA DE L'AIGUA"
    },
    {
      "sensor": "CALC000168",
      "codiACA": 2000223,
      "description": "Percentatge volum embassat",
      "location": "41.979075237 2.527357457",
      "unit": "%",
      "component": "171169-001",
      "componentDesc": "Susqueda",
      "componentAdditionalInfo__Comarca": "SELVA",
      "componentAdditionalInfo__Província": "GIRONA",
      "componentAdditionalInfo__Riu": "RIU TER",
      "componentAdditionalInfo__Terme municipal": "OSOR",
      "componentAdditionalInfo__Capacitat màxima embassament": "233,00 hm³",
      "componentAdditionalInfo__Conca": "EL TER",
      "componentAdditionalInfo__Superfície conca drenada": "1773,15 km²",
      "componentAdditionalInfo__Titular": "ENDESA GENERACION, SA"
    },
    {
      "sensor": "CALC000158",
      "codiACA": 2000223,
      "description": "Volum embassat",
      "location": "41.979075237 2.527357457",
      "unit": "hm³",
      "component": "171169-001",
      "componentDesc": "Susqueda",
      "componentAdditionalInfo__Comarca": "SELVA",
      "componentAdditionalInfo__Província": "GIRONA",
      "componentAdditionalInfo__Riu": "RIU TER",
      "componentAdditionalInfo__Terme municipal": "OSOR",
      "componentAdditionalInfo__Capacitat màxima embassament": "233,00 hm³",
      "componentAdditionalInfo__Conca": "EL TER",
      "componentAdditionalInfo__Superfície conca drenada": "1773,15 km²",
      "componentAdditionalInfo__Titular": "ENDESA GENERACION, SA"
    }
  ]